controle_id,lote_producao_id,data_inspecao,inspetor_id,unidades_aprovadas,unidades_rejeitadas,motivo_rejeicao
1,21,2017-01-01,15,923,21,solda_fraca
2,193,2017-01-02,3,863,21,bolhas_material
3,5,2017-01-03,7,907,22,empacotamento_inadequado
4,33,2017-01-04,9,959,14,falha_eletrica
5,147,2017-01-05,14,932,21,furo_incompleto
6,2,2017-01-06,2,865,27,falha_eletrica
7,166,2017-01-07,13,900,26,empacotamento_inadequado
8,135,2017-01-08,15,874,21,empacotamento_inadequado
9,179,2017-01-09,11,899,18,bolhas_material
10,20,2017-01-10,18,807,19,dimensao_fora
11,116,2017-01-11,12,860,8,falha_eletrica
12,183,2017-01-12,6,852,26,solda_fraca
13,56,2017-01-13,7,936,3,dimensao_fora
14,89,2017-01-14,10,972,21,solda_fraca
15,107,2017-01-15,17,942,12,falha_superficie
16,102,2017-01-16,9,917,13,solda_fraca
17,166,2017-01-17,12,833,17,empacotamento_inadequado
18,86,2017-01-18,14,928,23,furo_incompleto
19,113,2017-01-19,16,841,29,solda_fraca
20,38,2017-01-20,19,862,21,falha_eletrica
21,86,2017-01-21,5,947,24,solda_fraca
22,131,2017-01-22,10,940,5,dimensao_fora
23,53,2017-01-23,6,971,4,bolhas_material
24,108,2017-01-24,10,916,17,furo_incompleto
25,193,2017-01-25,18,886,1,furo_incompleto
26,4,2017-01-26,11,948,29,dimensao_fora
27,73,2017-01-27,4,847,1,bolhas_material
28,14,2017-01-28,1,974,18,furo_incompleto
29,90,2017-01-29,9,824,2,furo_incompleto
30,25,2017-01-30,18,846,7,falha_eletrica
31,74,2017-01-31,4,988,29,falha_eletrica
32,32,2017-02-01,3,875,22,cor_incorreta
33,194,2017-02-02,8,870,3,falha_superficie
34,73,2017-02-03,5,998,7,empacotamento_inadequado
35,67,2017-02-04,15,817,2,empacotamento_inadequado
36,155,2017-02-05,11,900,7,falha_superficie
37,27,2017-02-06,9,809,0,cor_incorreta
38,2,2017-02-07,19,941,14,empacotamento_inadequado
39,120,2017-02-08,1,958,7,falha_superficie
40,186,2017-02-09,4,980,6,cor_incorreta
41,34,2017-02-10,4,913,2,furo_incompleto
42,96,2017-02-11,12,977,8,solda_fraca
43,115,2017-02-12,19,976,27,furo_incompleto
44,197,2017-02-13,6,857,9,furo_incompleto
45,187,2017-02-14,3,966,3,cor_incorreta
46,80,2017-02-15,3,853,20,falha_eletrica
47,21,2017-02-16,2,901,3,falha_eletrica
48,137,2017-02-17,17,889,8,cor_incorreta
49,31,2017-02-18,5,866,4,falha_superficie
50,18,2017-02-19,14,921,16,cor_incorreta
51,181,2017-02-20,12,899,15,furo_incompleto
52,20,2017-02-21,14,819,17,falha_eletrica
53,110,2017-02-22,13,817,4,bolhas_material
54,114,2017-02-23,19,988,15,solda_fraca
55,189,2017-02-24,13,863,10,empacotamento_inadequado
56,101,2017-02-25,3,853,1,cor_incorreta
57,139,2017-02-26,1,840,25,bolhas_material
58,174,2017-02-27,4,802,22,bolhas_material
59,157,2017-02-28,17,928,23,bolhas_material
60,9,2017-03-01,7,864,24,dimensao_fora
61,64,2017-03-02,18,974,25,dimensao_fora
62,63,2017-03-03,12,976,13,solda_fraca
63,143,2017-03-04,17,906,20,furo_incompleto
64,198,2017-03-05,14,838,14,cor_incorreta
65,17,2017-03-06,9,950,6,furo_incompleto
66,17,2017-03-07,3,954,16,falha_eletrica
67,100,2017-03-08,7,942,5,dimensao_fora
68,109,2017-03-09,8,954,8,falha_eletrica
69,169,2017-03-10,11,893,21,bolhas_material
70,64,2017-03-11,17,894,6,solda_fraca
71,34,2017-03-12,12,958,19,bolhas_material
72,34,2017-03-13,16,966,10,falha_eletrica
73,152,2017-03-14,10,852,14,falha_eletrica
74,180,2017-03-15,2,950,27,bolhas_material
75,100,2017-03-16,4,807,8,furo_incompleto
76,81,2017-03-17,12,990,19,furo_incompleto
77,144,2017-03-18,7,851,2,bolhas_material
78,192,2017-03-19,4,993,17,furo_incompleto
79,95,2017-03-20,12,948,26,cor_incorreta
80,23,2017-03-21,18,954,4,solda_fraca
81,157,2017-03-22,4,940,4,bolhas_material
82,70,2017-03-23,4,816,24,empacotamento_inadequado
83,80,2017-03-24,11,888,22,solda_fraca
84,143,2017-03-25,13,860,16,falha_superficie
85,136,2017-03-26,2,871,22,empacotamento_inadequado
86,50,2017-03-27,1,972,12,furo_incompleto
87,29,2017-03-28,9,807,26,falha_superficie
88,6,2017-03-29,13,813,7,cor_incorreta
89,8,2017-03-30,19,849,23,falha_eletrica
90,54,2017-03-31,2,970,11,cor_incorreta
91,36,2017-04-01,13,850,7,solda_fraca
92,77,2017-04-02,10,812,7,empacotamento_inadequado
93,7,2017-04-03,9,804,23,bolhas_material
94,134,2017-04-04,2,924,6,cor_incorreta
95,123,2017-04-05,9,888,23,cor_incorreta
96,186,2017-04-06,10,881,11,bolhas_material
97,52,2017-04-07,6,819,8,falha_eletrica
98,54,2017-04-08,8,917,8,solda_fraca
99,145,2017-04-09,19,842,27,solda_fraca
100,89,2017-04-10,19,879,15,falha_superficie
101,13,2017-04-11,14,908,20,falha_superficie
102,61,2017-04-12,17,959,27,falha_superficie
103,93,2017-04-13,8,809,5,empacotamento_inadequado
104,117,2017-04-14,4,805,25,falha_superficie
105,38,2017-04-15,11,810,24,empacotamento_inadequado
106,192,2017-04-16,17,937,16,falha_superficie
107,9,2017-04-17,9,904,25,furo_incompleto
108,118,2017-04-18,1,952,7,solda_fraca
109,199,2017-04-19,18,897,6,solda_fraca
110,32,2017-04-20,14,926,18,falha_superficie
111,196,2017-04-21,13,822,18,falha_eletrica
112,177,2017-04-22,4,844,4,solda_fraca
113,95,2017-04-23,2,988,21,empacotamento_inadequado
114,27,2017-04-24,1,841,24,furo_incompleto
115,106,2017-04-25,8,944,11,falha_eletrica
116,158,2017-04-26,13,821,5,cor_incorreta
117,120,2017-04-27,5,817,9,falha_eletrica
118,91,2017-04-28,10,809,4,cor_incorreta
119,158,2017-04-29,13,817,20,solda_fraca
120,141,2017-04-30,8,950,4,empacotamento_inadequado
121,112,2017-05-01,10,902,28,cor_incorreta
122,177,2017-05-02,9,805,6,solda_fraca
123,10,2017-05-03,4,801,16,dimensao_fora
124,129,2017-05-04,5,817,29,empacotamento_inadequado
125,51,2017-05-05,16,892,5,dimensao_fora
126,70,2017-05-06,2,955,28,furo_incompleto
127,147,2017-05-07,17,837,5,falha_eletrica
128,45,2017-05-08,17,977,27,falha_superficie
129,129,2017-05-09,18,972,9,dimensao_fora
130,90,2017-05-10,7,910,14,furo_incompleto
131,168,2017-05-11,12,900,19,empacotamento_inadequado
132,112,2017-05-12,4,994,24,falha_superficie
133,121,2017-05-13,19,960,2,furo_incompleto
134,141,2017-05-14,18,836,7,furo_incompleto
135,127,2017-05-15,17,899,4,bolhas_material
136,157,2017-05-16,14,916,15,empacotamento_inadequado
137,44,2017-05-17,8,900,20,falha_superficie
138,190,2017-05-18,2,919,8,furo_incompleto
139,100,2017-05-19,4,975,19,falha_eletrica
140,112,2017-05-20,14,862,23,furo_incompleto
141,16,2017-05-21,14,971,22,bolhas_material
142,155,2017-05-22,7,899,21,furo_incompleto
143,38,2017-05-23,7,857,24,dimensao_fora
144,40,2017-05-24,16,961,2,solda_fraca
145,67,2017-05-25,5,900,5,dimensao_fora
146,136,2017-05-26,18,945,24,cor_incorreta
147,23,2017-05-27,18,892,15,falha_eletrica
148,159,2017-05-28,15,845,2,bolhas_material
149,72,2017-05-29,8,978,14,empacotamento_inadequado
150,20,2017-05-30,15,880,6,falha_eletrica
151,89,2017-05-31,6,827,12,bolhas_material
152,140,2017-06-01,19,864,15,furo_incompleto
153,163,2017-06-02,17,848,19,falha_eletrica
154,190,2017-06-03,10,922,13,solda_fraca
155,176,2017-06-04,7,913,10,bolhas_material
156,176,2017-06-05,18,998,4,furo_incompleto
157,138,2017-06-06,2,803,17,solda_fraca
158,86,2017-06-07,12,875,2,dimensao_fora
159,156,2017-06-08,13,884,5,falha_eletrica
160,160,2017-06-09,4,989,16,cor_incorreta
161,175,2017-06-10,3,859,0,bolhas_material
162,104,2017-06-11,10,951,6,dimensao_fora
163,180,2017-06-12,14,977,18,falha_superficie
164,194,2017-06-13,3,874,13,solda_fraca
165,143,2017-06-14,4,881,5,furo_incompleto
166,131,2017-06-15,1,995,28,cor_incorreta
167,173,2017-06-16,17,843,23,falha_eletrica
168,194,2017-06-17,16,959,6,empacotamento_inadequado
169,6,2017-06-18,5,915,9,solda_fraca
170,57,2017-06-19,1,931,6,cor_incorreta
171,91,2017-06-20,16,938,23,cor_incorreta
172,199,2017-06-21,1,920,28,furo_incompleto
173,95,2017-06-22,3,897,24,falha_eletrica
174,198,2017-06-23,1,892,4,dimensao_fora
175,80,2017-06-24,17,855,16,falha_eletrica
176,124,2017-06-25,1,983,23,falha_eletrica
177,93,2017-06-26,16,911,4,furo_incompleto
178,143,2017-06-27,19,981,28,furo_incompleto
179,34,2017-06-28,5,850,17,furo_incompleto
180,56,2017-06-29,14,880,2,dimensao_fora
181,37,2017-06-30,15,817,4,falha_eletrica
182,155,2017-07-01,4,946,0,solda_fraca
183,40,2017-07-02,19,832,11,falha_superficie
184,169,2017-07-03,10,989,18,empacotamento_inadequado
185,118,2017-07-04,12,983,28,falha_eletrica
186,54,2017-07-05,11,896,3,furo_incompleto
187,57,2017-07-06,2,991,18,furo_incompleto
188,83,2017-07-07,16,810,26,cor_incorreta
189,33,2017-07-08,13,987,1,empacotamento_inadequado
190,6,2017-07-09,4,984,23,bolhas_material
191,138,2017-07-10,13,974,10,cor_incorreta
192,169,2017-07-11,4,983,16,dimensao_fora
193,140,2017-07-12,10,984,19,empacotamento_inadequado
194,83,2017-07-13,16,885,11,empacotamento_inadequado
195,157,2017-07-14,16,806,13,empacotamento_inadequado
196,99,2017-07-15,16,935,9,falha_superficie
197,87,2017-07-16,16,864,11,dimensao_fora
198,109,2017-07-17,7,979,7,falha_superficie
199,94,2017-07-18,15,916,3,falha_eletrica
200,157,2017-07-19,12,857,16,empacotamento_inadequado
201,195,2017-07-20,11,812,0,falha_eletrica
202,109,2017-07-21,6,814,3,cor_incorreta
203,191,2017-07-22,15,809,28,falha_eletrica
204,186,2017-07-23,2,911,21,solda_fraca
205,170,2017-07-24,10,899,19,solda_fraca
206,76,2017-07-25,15,895,15,furo_incompleto
207,37,2017-07-26,14,902,26,furo_incompleto
208,178,2017-07-27,3,971,22,furo_incompleto
209,147,2017-07-28,1,993,24,solda_fraca
210,93,2017-07-29,4,813,26,falha_eletrica
211,52,2017-07-30,10,933,14,furo_incompleto
212,117,2017-07-31,9,841,7,falha_eletrica
213,110,2017-08-01,2,991,26,falha_superficie
214,88,2017-08-02,14,887,20,falha_eletrica
215,140,2017-08-03,14,832,13,furo_incompleto
216,9,2017-08-04,15,911,19,bolhas_material
217,162,2017-08-05,17,803,2,falha_eletrica
218,60,2017-08-06,12,924,13,empacotamento_inadequado
219,6,2017-08-07,5,814,23,bolhas_material
220,86,2017-08-08,10,906,14,bolhas_material
221,157,2017-08-09,4,970,14,falha_eletrica
222,105,2017-08-10,15,911,18,falha_superficie
223,17,2017-08-11,13,805,16,furo_incompleto
224,78,2017-08-12,19,992,11,empacotamento_inadequado
225,184,2017-08-13,14,996,27,empacotamento_inadequado
226,125,2017-08-14,13,847,7,falha_superficie
227,139,2017-08-15,14,944,0,cor_incorreta
228,62,2017-08-16,11,894,21,bolhas_material
229,144,2017-08-17,1,980,7,empacotamento_inadequado
230,104,2017-08-18,14,923,13,falha_eletrica
231,162,2017-08-19,3,958,0,solda_fraca
232,158,2017-08-20,14,978,28,falha_eletrica
233,142,2017-08-21,5,893,22,falha_eletrica
234,133,2017-08-22,9,927,24,dimensao_fora
235,9,2017-08-23,1,949,17,dimensao_fora
236,82,2017-08-24,11,958,26,empacotamento_inadequado
237,170,2017-08-25,11,960,29,cor_incorreta
238,122,2017-08-26,17,867,29,falha_superficie
239,163,2017-08-27,2,912,28,bolhas_material
240,162,2017-08-28,5,836,13,solda_fraca
241,130,2017-08-29,6,933,27,dimensao_fora
242,103,2017-08-30,2,951,12,furo_incompleto
243,51,2017-08-31,8,968,22,solda_fraca
244,173,2017-09-01,7,943,14,cor_incorreta
245,13,2017-09-02,8,914,14,falha_eletrica
246,186,2017-09-03,10,840,24,falha_eletrica
247,47,2017-09-04,8,817,18,furo_incompleto
248,191,2017-09-05,10,821,3,bolhas_material
249,131,2017-09-06,9,827,18,empacotamento_inadequado
250,51,2017-09-07,1,991,15,empacotamento_inadequado
251,171,2017-09-08,3,887,1,falha_eletrica
252,84,2017-09-09,3,901,19,falha_superficie
253,70,2017-09-10,16,837,10,bolhas_material
254,161,2017-09-11,13,839,23,dimensao_fora
255,83,2017-09-12,2,922,19,solda_fraca
256,10,2017-09-13,9,841,20,solda_fraca
257,47,2017-09-14,18,892,7,falha_superficie
258,77,2017-09-15,2,822,26,falha_eletrica
259,65,2017-09-16,13,910,4,bolhas_material
260,178,2017-09-17,18,824,14,dimensao_fora
261,31,2017-09-18,8,896,17,falha_eletrica
262,15,2017-09-19,17,828,18,furo_incompleto
263,187,2017-09-20,7,819,3,bolhas_material
264,138,2017-09-21,4,980,11,cor_incorreta
265,123,2017-09-22,1,886,18,furo_incompleto
266,38,2017-09-23,8,990,5,falha_superficie
267,96,2017-09-24,4,956,7,solda_fraca
268,1,2017-09-25,6,890,18,solda_fraca
269,174,2017-09-26,19,856,21,empacotamento_inadequado
270,85,2017-09-27,5,897,21,empacotamento_inadequado
271,109,2017-09-28,9,970,22,falha_superficie
272,180,2017-09-29,13,934,14,furo_incompleto
273,132,2017-09-30,13,910,16,empacotamento_inadequado
274,1,2017-10-01,10,987,3,falha_superficie
275,156,2017-10-02,18,800,12,empacotamento_inadequado
276,85,2017-10-03,9,833,12,dimensao_fora
277,125,2017-10-04,8,893,23,falha_eletrica
278,105,2017-10-05,12,841,6,bolhas_material
279,70,2017-10-06,2,823,17,solda_fraca
280,69,2017-10-07,9,811,7,solda_fraca
281,23,2017-10-08,7,807,24,solda_fraca
282,81,2017-10-09,3,890,24,dimensao_fora
283,4,2017-10-10,7,838,29,falha_superficie
284,59,2017-10-11,13,886,23,falha_superficie
285,89,2017-10-12,19,994,6,solda_fraca
286,143,2017-10-13,7,926,13,dimensao_fora
287,96,2017-10-14,18,894,3,falha_eletrica
288,76,2017-10-15,18,926,4,bolhas_material
289,93,2017-10-16,1,968,17,falha_eletrica
290,152,2017-10-17,14,943,26,furo_incompleto
291,107,2017-10-18,1,843,7,dimensao_fora
292,161,2017-10-19,17,970,15,falha_eletrica
293,11,2017-10-20,19,922,21,cor_incorreta
294,3,2017-10-21,12,842,22,falha_superficie
295,176,2017-10-22,16,840,21,empacotamento_inadequado
296,56,2017-10-23,12,874,1,solda_fraca
297,54,2017-10-24,9,938,20,empacotamento_inadequado
298,88,2017-10-25,18,997,25,falha_eletrica
299,81,2017-10-26,6,845,1,furo_incompleto
300,96,2017-10-27,2,809,12,falha_eletrica
301,10,2017-10-28,5,910,15,solda_fraca
302,132,2017-10-29,5,975,19,bolhas_material
303,101,2017-10-30,8,974,0,solda_fraca
304,98,2017-10-31,8,860,18,dimensao_fora
305,63,2017-11-01,7,914,7,dimensao_fora
306,140,2017-11-02,12,910,8,cor_incorreta
307,52,2017-11-03,10,819,2,empacotamento_inadequado
308,157,2017-11-04,13,896,0,dimensao_fora
309,99,2017-11-05,17,859,19,cor_incorreta
310,4,2017-11-06,5,929,6,falha_eletrica
311,50,2017-11-07,11,802,20,furo_incompleto
312,130,2017-11-08,10,822,27,solda_fraca
313,162,2017-11-09,16,886,10,dimensao_fora
314,27,2017-11-10,18,874,19,empacotamento_inadequado
315,20,2017-11-11,9,922,12,solda_fraca
316,65,2017-11-12,3,913,19,bolhas_material
317,55,2017-11-13,14,910,2,falha_eletrica
318,142,2017-11-14,12,935,0,falha_superficie
319,8,2017-11-15,7,817,4,dimensao_fora
320,171,2017-11-16,8,841,16,furo_incompleto
321,100,2017-11-17,3,947,6,furo_incompleto
322,73,2017-11-18,9,882,8,bolhas_material
323,184,2017-11-19,17,867,7,solda_fraca
324,71,2017-11-20,18,957,10,bolhas_material
325,134,2017-11-21,8,939,10,solda_fraca
326,159,2017-11-22,8,935,19,furo_incompleto
327,49,2017-11-23,15,985,16,furo_incompleto
328,13,2017-11-24,13,953,5,solda_fraca
329,133,2017-11-25,17,862,28,solda_fraca
330,95,2017-11-26,6,951,11,bolhas_material
331,19,2017-11-27,7,884,20,falha_superficie
332,191,2017-11-28,5,842,14,dimensao_fora
333,107,2017-11-29,16,890,11,bolhas_material
334,31,2017-11-30,5,817,26,dimensao_fora
335,26,2017-12-01,12,871,27,furo_incompleto
336,157,2017-12-02,5,949,5,cor_incorreta
337,190,2017-12-03,14,998,12,furo_incompleto
338,30,2017-12-04,2,850,16,cor_incorreta
339,138,2017-12-05,6,946,29,empacotamento_inadequado
340,6,2017-12-06,19,980,28,falha_eletrica
341,191,2017-12-07,18,918,7,dimensao_fora
342,123,2017-12-08,4,823,18,solda_fraca
343,74,2017-12-09,8,920,11,cor_incorreta
344,143,2017-12-10,17,996,8,falha_superficie
345,42,2017-12-11,11,981,1,bolhas_material
346,152,2017-12-12,11,985,10,empacotamento_inadequado
347,32,2017-12-13,18,829,11,dimensao_fora
348,8,2017-12-14,1,851,24,dimensao_fora
349,135,2017-12-15,1,837,26,empacotamento_inadequado
350,107,2017-12-16,12,825,2,falha_eletrica
351,126,2017-12-17,12,988,19,bolhas_material
352,185,2017-12-18,10,984,15,bolhas_material
353,63,2017-12-19,7,832,19,falha_eletrica
354,129,2017-12-20,19,904,2,falha_eletrica
355,20,2017-12-21,7,908,7,falha_superficie
356,152,2017-12-22,3,802,16,bolhas_material
357,53,2017-12-23,4,856,12,bolhas_material
358,47,2017-12-24,3,876,15,dimensao_fora
359,175,2017-12-25,19,820,11,cor_incorreta
360,38,2017-12-26,8,845,8,cor_incorreta
361,161,2017-12-27,16,805,19,falha_superficie
362,18,2017-12-28,17,853,14,falha_eletrica
363,155,2017-12-29,12,979,26,falha_superficie
364,67,2017-12-30,19,852,17,cor_incorreta
365,179,2017-12-31,18,918,19,furo_incompleto
366,88,2018-01-01,18,844,7,empacotamento_inadequado
367,71,2018-01-02,7,861,21,furo_incompleto
368,161,2018-01-03,9,814,1,falha_superficie
369,56,2018-01-04,4,910,4,bolhas_material
370,70,2018-01-05,11,847,1,dimensao_fora
371,27,2018-01-06,17,852,5,furo_incompleto
372,144,2018-01-07,2,871,3,falha_eletrica
373,179,2018-01-08,17,981,27,cor_incorreta
374,37,2018-01-09,7,892,4,solda_fraca
375,191,2018-01-10,7,906,23,solda_fraca
376,21,2018-01-11,1,932,7,bolhas_material
377,192,2018-01-12,18,916,12,solda_fraca
378,83,2018-01-13,6,948,23,dimensao_fora
379,152,2018-01-14,17,931,7,falha_superficie
380,111,2018-01-15,1,915,22,dimensao_fora
381,109,2018-01-16,5,885,26,bolhas_material
382,5,2018-01-17,10,872,5,falha_eletrica
383,66,2018-01-18,12,979,10,empacotamento_inadequado
384,10,2018-01-19,10,834,29,bolhas_material
385,129,2018-01-20,3,962,19,empacotamento_inadequado
386,162,2018-01-21,12,878,16,cor_incorreta
387,86,2018-01-22,15,871,11,falha_superficie
388,5,2018-01-23,14,965,10,empacotamento_inadequado
389,67,2018-01-24,17,990,5,bolhas_material
390,7,2018-01-25,8,889,20,bolhas_material
391,15,2018-01-26,14,867,3,falha_eletrica
392,126,2018-01-27,3,835,21,furo_incompleto
393,187,2018-01-28,15,942,9,bolhas_material
394,162,2018-01-29,15,882,13,bolhas_material
395,86,2018-01-30,6,862,28,furo_incompleto
396,162,2018-01-31,17,908,6,falha_superficie
397,113,2018-02-01,5,831,15,furo_incompleto
398,2,2018-02-02,10,864,14,empacotamento_inadequado
399,139,2018-02-03,6,866,11,cor_incorreta
400,146,2018-02-04,19,938,17,solda_fraca
401,160,2018-02-05,17,933,5,falha_superficie
402,131,2018-02-06,19,972,8,dimensao_fora
403,2,2018-02-07,2,984,21,solda_fraca
404,91,2018-02-08,16,871,14,furo_incompleto
405,26,2018-02-09,18,940,16,solda_fraca
406,40,2018-02-10,17,882,27,empacotamento_inadequado
407,149,2018-02-11,4,968,9,empacotamento_inadequado
408,24,2018-02-12,1,859,21,falha_eletrica
409,198,2018-02-13,14,831,7,bolhas_material
410,161,2018-02-14,5,914,14,cor_incorreta
411,19,2018-02-15,3,924,9,furo_incompleto
412,111,2018-02-16,17,962,27,falha_eletrica
413,172,2018-02-17,18,869,15,furo_incompleto
414,120,2018-02-18,5,869,16,bolhas_material
415,199,2018-02-19,17,803,1,bolhas_material
416,70,2018-02-20,14,806,15,dimensao_fora
417,108,2018-02-21,2,813,19,dimensao_fora
418,73,2018-02-22,18,808,27,solda_fraca
419,71,2018-02-23,1,901,13,furo_incompleto
420,129,2018-02-24,19,847,17,falha_eletrica
421,130,2018-02-25,1,830,26,empacotamento_inadequado
422,65,2018-02-26,9,825,18,dimensao_fora
423,71,2018-02-27,3,813,4,furo_incompleto
424,112,2018-02-28,4,835,11,cor_incorreta
425,188,2018-03-01,4,926,15,cor_incorreta
426,159,2018-03-02,5,815,22,falha_superficie
427,106,2018-03-03,2,941,11,dimensao_fora
428,124,2018-03-04,9,813,8,dimensao_fora
429,74,2018-03-05,4,935,4,falha_superficie
430,159,2018-03-06,7,977,7,falha_superficie
431,107,2018-03-07,11,973,12,falha_superficie
432,198,2018-03-08,14,989,16,empacotamento_inadequado
433,121,2018-03-09,1,960,18,empacotamento_inadequado
434,74,2018-03-10,2,882,29,empacotamento_inadequado
435,191,2018-03-11,4,985,2,falha_eletrica
436,163,2018-03-12,15,888,13,dimensao_fora
437,163,2018-03-13,15,961,1,furo_incompleto
438,80,2018-03-14,11,843,5,empacotamento_inadequado
439,44,2018-03-15,3,955,21,empacotamento_inadequado
440,198,2018-03-16,3,939,20,cor_incorreta
441,13,2018-03-17,4,982,28,dimensao_fora
442,57,2018-03-18,1,940,6,cor_incorreta
443,83,2018-03-19,3,878,8,solda_fraca
444,77,2018-03-20,6,960,19,furo_incompleto
445,35,2018-03-21,4,912,19,dimensao_fora
446,62,2018-03-22,6,983,18,furo_incompleto
447,26,2018-03-23,11,843,2,bolhas_material
448,13,2018-03-24,16,953,24,solda_fraca
449,99,2018-03-25,8,863,2,falha_superficie
450,21,2018-03-26,6,964,17,empacotamento_inadequado
451,89,2018-03-27,2,904,8,empacotamento_inadequado
452,60,2018-03-28,15,967,12,falha_superficie
453,26,2018-03-29,3,961,4,solda_fraca
454,151,2018-03-30,8,871,27,cor_incorreta
455,195,2018-03-31,6,848,26,furo_incompleto
456,93,2018-04-01,9,993,10,cor_incorreta
457,168,2018-04-02,6,849,12,falha_superficie
458,134,2018-04-03,18,886,14,solda_fraca
459,85,2018-04-04,13,893,14,falha_eletrica
460,55,2018-04-05,10,912,0,bolhas_material
461,162,2018-04-06,10,900,18,falha_eletrica
462,84,2018-04-07,5,949,25,furo_incompleto
463,115,2018-04-08,10,929,14,falha_superficie
464,47,2018-04-09,3,975,18,dimensao_fora
465,193,2018-04-10,4,986,22,dimensao_fora
466,143,2018-04-11,6,999,25,falha_superficie
467,78,2018-04-12,11,917,10,furo_incompleto
468,192,2018-04-13,14,808,11,furo_incompleto
469,168,2018-04-14,3,931,27,solda_fraca
470,58,2018-04-15,10,940,14,falha_superficie
471,190,2018-04-16,17,977,12,cor_incorreta
472,11,2018-04-17,17,874,10,furo_incompleto
473,80,2018-04-18,3,977,29,solda_fraca
474,25,2018-04-19,13,848,6,dimensao_fora
475,19,2018-04-20,14,976,0,bolhas_material
476,13,2018-04-21,19,808,20,furo_incompleto
477,191,2018-04-22,6,958,19,falha_eletrica
478,14,2018-04-23,1,839,26,cor_incorreta
479,84,2018-04-24,7,929,9,bolhas_material
480,185,2018-04-25,10,882,7,falha_superficie
481,164,2018-04-26,19,824,1,falha_superficie
482,149,2018-04-27,7,937,24,empacotamento_inadequado
483,109,2018-04-28,7,825,18,cor_incorreta
484,135,2018-04-29,12,869,18,empacotamento_inadequado
485,172,2018-04-30,14,954,25,falha_superficie
486,186,2018-05-01,3,810,10,dimensao_fora
487,38,2018-05-02,9,865,24,falha_eletrica
488,53,2018-05-03,8,838,28,dimensao_fora
489,116,2018-05-04,15,958,21,bolhas_material
490,199,2018-05-05,1,833,21,falha_superficie
491,19,2018-05-06,8,971,28,cor_incorreta
492,44,2018-05-07,8,811,11,dimensao_fora
493,120,2018-05-08,16,879,22,bolhas_material
494,90,2018-05-09,11,825,6,bolhas_material
495,101,2018-05-10,18,994,4,falha_eletrica
496,147,2018-05-11,8,926,28,falha_eletrica
497,22,2018-05-12,9,978,28,dimensao_fora
498,17,2018-05-13,2,994,17,dimensao_fora
499,199,2018-05-14,7,948,21,dimensao_fora
500,154,2018-05-15,11,998,15,cor_incorreta
501,74,2018-05-16,14,884,7,falha_eletrica
502,96,2018-05-17,13,832,12,solda_fraca
503,155,2018-05-18,9,917,5,furo_incompleto
504,15,2018-05-19,16,828,16,dimensao_fora
505,20,2018-05-20,14,982,21,empacotamento_inadequado
506,161,2018-05-21,17,909,3,falha_superficie
507,120,2018-05-22,13,923,13,bolhas_material
508,75,2018-05-23,3,916,6,solda_fraca
509,50,2018-05-24,2,988,22,falha_superficie
510,144,2018-05-25,12,917,8,falha_superficie
511,126,2018-05-26,1,870,1,falha_superficie
512,136,2018-05-27,10,938,6,dimensao_fora
513,195,2018-05-28,13,903,23,falha_superficie
514,3,2018-05-29,1,874,15,falha_superficie
515,104,2018-05-30,2,914,10,empacotamento_inadequado
516,125,2018-05-31,18,884,24,empacotamento_inadequado
517,198,2018-06-01,4,902,7,falha_eletrica
518,40,2018-06-02,17,808,14,falha_superficie
519,76,2018-06-03,12,960,11,empacotamento_inadequado
520,12,2018-06-04,17,972,1,falha_superficie
521,97,2018-06-05,19,939,1,bolhas_material
522,127,2018-06-06,11,904,6,furo_incompleto
523,129,2018-06-07,17,828,4,dimensao_fora
524,158,2018-06-08,3,830,5,bolhas_material
525,116,2018-06-09,3,800,17,bolhas_material
526,156,2018-06-10,9,881,8,falha_superficie
527,14,2018-06-11,3,970,13,cor_incorreta
528,130,2018-06-12,1,978,29,cor_incorreta
529,48,2018-06-13,10,908,10,empacotamento_inadequado
530,156,2018-06-14,6,922,6,solda_fraca
531,98,2018-06-15,4,884,9,falha_eletrica
532,140,2018-06-16,19,849,20,falha_eletrica
533,73,2018-06-17,16,813,29,falha_superficie
534,112,2018-06-18,4,989,11,solda_fraca
535,159,2018-06-19,6,991,29,dimensao_fora
536,114,2018-06-20,18,864,0,bolhas_material
537,184,2018-06-21,11,831,14,falha_superficie
538,149,2018-06-22,14,950,26,bolhas_material
539,148,2018-06-23,2,966,16,falha_superficie
540,156,2018-06-24,12,910,12,cor_incorreta
541,197,2018-06-25,1,903,5,bolhas_material
542,191,2018-06-26,13,886,5,falha_superficie
543,147,2018-06-27,6,925,19,bolhas_material
544,71,2018-06-28,16,802,4,cor_incorreta
545,14,2018-06-29,9,843,9,empacotamento_inadequado
546,88,2018-06-30,7,953,24,furo_incompleto
547,178,2018-07-01,9,917,17,cor_incorreta
548,13,2018-07-02,11,818,26,cor_incorreta
549,61,2018-07-03,4,816,29,empacotamento_inadequado
550,20,2018-07-04,3,944,20,falha_superficie
551,53,2018-07-05,3,995,8,bolhas_material
552,141,2018-07-06,11,988,29,empacotamento_inadequado
553,103,2018-07-07,19,968,29,dimensao_fora
554,110,2018-07-08,9,936,7,dimensao_fora
555,2,2018-07-09,19,929,26,dimensao_fora
556,125,2018-07-10,16,918,3,empacotamento_inadequado
557,63,2018-07-11,10,805,6,bolhas_material
558,71,2018-07-12,18,961,15,cor_incorreta
559,152,2018-07-13,9,994,21,solda_fraca
560,153,2018-07-14,12,818,11,falha_eletrica
561,1,2018-07-15,10,923,5,empacotamento_inadequado
562,34,2018-07-16,18,999,18,cor_incorreta
563,40,2018-07-17,17,881,9,bolhas_material
564,186,2018-07-18,19,805,6,empacotamento_inadequado
565,19,2018-07-19,18,985,14,empacotamento_inadequado
566,172,2018-07-20,17,901,20,bolhas_material
567,88,2018-07-21,13,987,0,dimensao_fora
568,158,2018-07-22,5,930,29,furo_incompleto
569,178,2018-07-23,13,821,23,cor_incorreta
570,107,2018-07-24,9,984,19,cor_incorreta
571,102,2018-07-25,12,964,9,bolhas_material
572,105,2018-07-26,12,905,17,empacotamento_inadequado
573,93,2018-07-27,14,988,5,bolhas_material
574,45,2018-07-28,4,813,18,solda_fraca
575,1,2018-07-29,11,879,20,dimensao_fora
576,142,2018-07-30,19,811,12,cor_incorreta
577,87,2018-07-31,13,868,8,empacotamento_inadequado
578,14,2018-08-01,9,870,6,solda_fraca
579,199,2018-08-02,12,846,8,dimensao_fora
580,66,2018-08-03,1,874,5,falha_eletrica
581,59,2018-08-04,17,919,26,cor_incorreta
582,104,2018-08-05,6,832,27,furo_incompleto
583,46,2018-08-06,12,951,4,empacotamento_inadequado
584,151,2018-08-07,13,955,16,empacotamento_inadequado
585,39,2018-08-08,13,839,1,solda_fraca
586,107,2018-08-09,2,860,24,falha_superficie
587,34,2018-08-10,3,979,25,falha_superficie
588,183,2018-08-11,3,909,27,dimensao_fora
589,93,2018-08-12,9,993,13,bolhas_material
590,91,2018-08-13,5,972,17,furo_incompleto
591,146,2018-08-14,9,877,22,cor_incorreta
592,140,2018-08-15,4,837,15,dimensao_fora
593,141,2018-08-16,14,877,26,bolhas_material
594,62,2018-08-17,16,883,2,empacotamento_inadequado
595,148,2018-08-18,9,994,8,solda_fraca
596,23,2018-08-19,7,925,15,cor_incorreta
597,165,2018-08-20,16,850,4,bolhas_material
598,195,2018-08-21,15,834,10,empacotamento_inadequado
599,42,2018-08-22,4,991,22,falha_superficie
600,60,2018-08-23,1,845,1,dimensao_fora
601,152,2018-08-24,13,876,24,cor_incorreta
602,165,2018-08-25,16,869,23,empacotamento_inadequado
603,168,2018-08-26,19,816,15,cor_incorreta
604,59,2018-08-27,12,919,4,furo_incompleto
605,23,2018-08-28,17,935,7,falha_eletrica
606,78,2018-08-29,15,800,3,cor_incorreta
607,191,2018-08-30,12,931,16,cor_incorreta
608,168,2018-08-31,9,935,6,cor_incorreta
609,194,2018-09-01,6,854,6,furo_incompleto
610,92,2018-09-02,6,935,22,falha_eletrica
611,154,2018-09-03,16,964,11,dimensao_fora
612,120,2018-09-04,12,997,3,bolhas_material
613,121,2018-09-05,8,815,26,falha_eletrica
614,146,2018-09-06,17,950,0,solda_fraca
615,81,2018-09-07,6,947,7,cor_incorreta
616,183,2018-09-08,14,928,11,empacotamento_inadequado
617,15,2018-09-09,17,834,12,bolhas_material
618,186,2018-09-10,19,927,7,solda_fraca
619,156,2018-09-11,9,938,4,falha_eletrica
620,33,2018-09-12,5,923,0,solda_fraca
621,109,2018-09-13,19,916,14,falha_superficie
622,38,2018-09-14,2,974,22,falha_eletrica
623,12,2018-09-15,11,939,3,dimensao_fora
624,174,2018-09-16,7,917,29,cor_incorreta
625,60,2018-09-17,8,969,21,falha_eletrica
626,145,2018-09-18,12,838,16,dimensao_fora
627,190,2018-09-19,17,828,0,bolhas_material
628,20,2018-09-20,13,905,1,dimensao_fora
629,62,2018-09-21,8,818,11,cor_incorreta
630,130,2018-09-22,16,802,17,dimensao_fora
631,84,2018-09-23,2,946,20,empacotamento_inadequado
632,154,2018-09-24,3,964,28,dimensao_fora
633,84,2018-09-25,5,816,16,bolhas_material
634,105,2018-09-26,13,845,2,solda_fraca
635,40,2018-09-27,17,929,10,cor_incorreta
636,180,2018-09-28,8,878,12,empacotamento_inadequado
637,10,2018-09-29,18,815,10,cor_incorreta
638,179,2018-09-30,17,870,24,falha_superficie
639,6,2018-10-01,13,972,29,falha_eletrica
640,171,2018-10-02,13,910,4,furo_incompleto
641,10,2018-10-03,1,922,23,furo_incompleto
642,19,2018-10-04,14,816,4,dimensao_fora
643,155,2018-10-05,6,856,11,cor_incorreta
644,5,2018-10-06,2,990,27,solda_fraca
645,188,2018-10-07,15,969,27,falha_eletrica
646,192,2018-10-08,17,883,3,cor_incorreta
647,197,2018-10-09,18,931,1,bolhas_material
648,186,2018-10-10,17,898,0,solda_fraca
649,7,2018-10-11,19,863,23,falha_superficie
650,196,2018-10-12,16,936,28,falha_eletrica
651,19,2018-10-13,12,916,24,dimensao_fora
652,73,2018-10-14,11,801,26,furo_incompleto
653,148,2018-10-15,12,805,16,falha_superficie
654,178,2018-10-16,10,975,27,empacotamento_inadequado
655,184,2018-10-17,19,852,5,solda_fraca
656,131,2018-10-18,2,854,10,falha_eletrica
657,96,2018-10-19,1,834,20,dimensao_fora
658,63,2018-10-20,18,961,6,bolhas_material
659,184,2018-10-21,14,882,8,solda_fraca
660,19,2018-10-22,4,903,7,dimensao_fora
661,139,2018-10-23,7,826,2,empacotamento_inadequado
662,164,2018-10-24,16,865,1,furo_incompleto
663,145,2018-10-25,12,859,1,falha_eletrica
664,35,2018-10-26,8,958,28,bolhas_material
665,81,2018-10-27,8,831,5,dimensao_fora
666,63,2018-10-28,15,980,8,falha_eletrica
667,53,2018-10-29,7,980,23,empacotamento_inadequado
668,142,2018-10-30,2,834,4,furo_incompleto
669,55,2018-10-31,11,916,29,falha_superficie
670,55,2018-11-01,17,810,16,bolhas_material
671,90,2018-11-02,3,961,11,bolhas_material
672,154,2018-11-03,1,898,19,dimensao_fora
673,23,2018-11-04,10,890,14,solda_fraca
674,24,2018-11-05,11,939,10,furo_incompleto
675,34,2018-11-06,17,968,14,falha_superficie
676,72,2018-11-07,5,944,18,bolhas_material
677,47,2018-11-08,4,981,26,empacotamento_inadequado
678,155,2018-11-09,9,972,15,solda_fraca
679,18,2018-11-10,10,879,23,empacotamento_inadequado
680,56,2018-11-11,10,805,7,dimensao_fora
681,114,2018-11-12,14,894,8,solda_fraca
682,114,2018-11-13,1,923,14,dimensao_fora
683,181,2018-11-14,16,954,14,furo_incompleto
684,155,2018-11-15,8,898,25,solda_fraca
685,150,2018-11-16,18,817,20,falha_superficie
686,191,2018-11-17,1,924,15,falha_superficie
687,183,2018-11-18,10,939,14,falha_eletrica
688,101,2018-11-19,3,903,7,dimensao_fora
689,113,2018-11-20,10,965,8,falha_superficie
690,115,2018-11-21,3,967,24,dimensao_fora
691,197,2018-11-22,15,889,15,bolhas_material
692,55,2018-11-23,3,917,3,dimensao_fora
693,86,2018-11-24,7,900,4,falha_eletrica
694,185,2018-11-25,14,846,16,dimensao_fora
695,181,2018-11-26,4,832,4,dimensao_fora
696,161,2018-11-27,9,843,7,dimensao_fora
697,15,2018-11-28,18,877,20,dimensao_fora
698,178,2018-11-29,4,879,28,dimensao_fora
699,49,2018-11-30,7,987,7,empacotamento_inadequado
700,68,2018-12-01,7,818,28,solda_fraca
701,195,2018-12-02,10,997,12,dimensao_fora
702,189,2018-12-03,1,890,9,falha_superficie
703,49,2018-12-04,5,825,3,bolhas_material
704,195,2018-12-05,10,808,10,solda_fraca
705,104,2018-12-06,16,808,0,furo_incompleto
706,95,2018-12-07,1,843,29,solda_fraca
707,4,2018-12-08,7,847,9,bolhas_material
708,178,2018-12-09,19,861,19,falha_eletrica
709,70,2018-12-10,8,905,25,falha_superficie
710,172,2018-12-11,17,861,12,solda_fraca
711,21,2018-12-12,15,884,29,furo_incompleto
712,60,2018-12-13,8,899,14,solda_fraca
713,136,2018-12-14,14,883,13,solda_fraca
714,117,2018-12-15,14,995,21,falha_eletrica
715,154,2018-12-16,9,944,27,empacotamento_inadequado
716,67,2018-12-17,10,913,1,bolhas_material
717,3,2018-12-18,3,858,16,falha_superficie
718,65,2018-12-19,18,864,1,bolhas_material
719,42,2018-12-20,19,912,12,cor_incorreta
720,133,2018-12-21,17,802,4,bolhas_material
721,137,2018-12-22,7,987,4,falha_eletrica
722,63,2018-12-23,7,883,1,empacotamento_inadequado
723,160,2018-12-24,3,868,16,furo_incompleto
724,11,2018-12-25,5,828,4,falha_eletrica
725,62,2018-12-26,18,905,8,cor_incorreta
726,169,2018-12-27,5,810,19,solda_fraca
727,125,2018-12-28,10,959,4,cor_incorreta
728,175,2018-12-29,5,983,5,falha_superficie
729,55,2018-12-30,18,847,6,dimensao_fora
730,42,2018-12-31,15,939,28,empacotamento_inadequado
731,23,2019-01-01,13,994,15,solda_fraca
732,126,2019-01-02,4,861,21,cor_incorreta
733,23,2019-01-03,4,913,25,dimensao_fora
734,94,2019-01-04,3,998,1,falha_superficie
735,189,2019-01-05,4,847,18,cor_incorreta
736,113,2019-01-06,14,922,25,solda_fraca
737,198,2019-01-07,15,839,2,furo_incompleto
738,96,2019-01-08,19,814,1,bolhas_material
739,167,2019-01-09,1,907,22,dimensao_fora
740,183,2019-01-10,9,828,26,dimensao_fora
741,23,2019-01-11,6,897,20,falha_superficie
742,162,2019-01-12,18,931,1,dimensao_fora
743,52,2019-01-13,3,963,27,cor_incorreta
744,119,2019-01-14,16,936,28,bolhas_material
745,45,2019-01-15,19,984,10,empacotamento_inadequado
746,91,2019-01-16,14,919,29,dimensao_fora
747,177,2019-01-17,8,924,1,furo_incompleto
748,137,2019-01-18,3,835,14,falha_superficie
749,8,2019-01-19,12,917,7,dimensao_fora
750,132,2019-01-20,17,990,22,bolhas_material
751,192,2019-01-21,5,890,27,furo_incompleto
752,172,2019-01-22,17,940,9,furo_incompleto
753,103,2019-01-23,14,906,12,bolhas_material
754,121,2019-01-24,4,916,8,furo_incompleto
755,54,2019-01-25,16,938,20,cor_incorreta
756,143,2019-01-26,11,941,18,falha_eletrica
757,2,2019-01-27,19,983,17,bolhas_material
758,84,2019-01-28,5,876,19,dimensao_fora
759,118,2019-01-29,10,929,9,empacotamento_inadequado
760,59,2019-01-30,3,885,7,solda_fraca
761,84,2019-01-31,18,986,29,bolhas_material
762,44,2019-02-01,9,943,12,falha_superficie
763,53,2019-02-02,6,808,3,falha_eletrica
764,99,2019-02-03,12,964,19,empacotamento_inadequado
765,122,2019-02-04,4,812,9,bolhas_material
766,111,2019-02-05,8,827,8,cor_incorreta
767,183,2019-02-06,13,856,25,dimensao_fora
768,198,2019-02-07,6,894,11,furo_incompleto
769,42,2019-02-08,2,945,22,falha_eletrica
770,58,2019-02-09,16,865,5,solda_fraca
771,163,2019-02-10,12,971,12,bolhas_material
772,167,2019-02-11,14,845,6,solda_fraca
773,66,2019-02-12,4,960,9,falha_eletrica
774,178,2019-02-13,1,952,20,falha_superficie
775,123,2019-02-14,15,846,28,bolhas_material
776,161,2019-02-15,15,914,18,falha_superficie
777,13,2019-02-16,13,896,0,bolhas_material
778,103,2019-02-17,13,862,23,empacotamento_inadequado
779,63,2019-02-18,1,898,6,cor_incorreta
780,75,2019-02-19,15,956,20,bolhas_material
781,74,2019-02-20,7,809,13,furo_incompleto
782,190,2019-02-21,14,947,18,falha_eletrica
783,69,2019-02-22,10,814,16,furo_incompleto
784,11,2019-02-23,1,850,15,solda_fraca
785,132,2019-02-24,13,953,25,empacotamento_inadequado
786,82,2019-02-25,6,936,10,bolhas_material
787,38,2019-02-26,2,884,12,dimensao_fora
788,166,2019-02-27,7,988,21,bolhas_material
789,66,2019-02-28,6,810,28,falha_superficie
790,7,2019-03-01,9,814,13,solda_fraca
791,36,2019-03-02,3,980,22,solda_fraca
792,176,2019-03-03,19,987,8,bolhas_material
793,194,2019-03-04,16,802,15,solda_fraca
794,195,2019-03-05,13,858,27,falha_eletrica
795,193,2019-03-06,16,945,8,cor_incorreta
796,68,2019-03-07,2,812,23,furo_incompleto
797,118,2019-03-08,9,901,2,bolhas_material
798,93,2019-03-09,12,886,18,solda_fraca
799,113,2019-03-10,10,872,23,empacotamento_inadequado
800,28,2019-03-11,13,855,6,solda_fraca
801,197,2019-03-12,2,961,22,furo_incompleto
802,82,2019-03-13,16,842,21,falha_superficie
803,134,2019-03-14,8,867,5,cor_incorreta
804,176,2019-03-15,11,922,13,bolhas_material
805,8,2019-03-16,8,962,17,bolhas_material
806,3,2019-03-17,18,848,26,empacotamento_inadequado
807,123,2019-03-18,12,961,27,solda_fraca
808,101,2019-03-19,2,966,3,empacotamento_inadequado
809,21,2019-03-20,13,800,27,cor_incorreta
810,19,2019-03-21,16,890,7,solda_fraca
811,160,2019-03-22,19,855,8,solda_fraca
812,123,2019-03-23,7,806,12,falha_superficie
813,193,2019-03-24,19,837,29,falha_eletrica
814,175,2019-03-25,8,894,26,bolhas_material
815,122,2019-03-26,4,838,13,cor_incorreta
816,105,2019-03-27,11,904,15,falha_eletrica
817,98,2019-03-28,19,887,3,solda_fraca
818,133,2019-03-29,16,974,16,falha_eletrica
819,47,2019-03-30,10,936,8,solda_fraca
820,129,2019-03-31,16,815,7,dimensao_fora
821,163,2019-04-01,8,856,10,empacotamento_inadequado
822,152,2019-04-02,15,960,3,falha_superficie
823,132,2019-04-03,4,940,14,dimensao_fora
824,10,2019-04-04,18,941,7,empacotamento_inadequado
825,124,2019-04-05,6,912,26,empacotamento_inadequado
826,104,2019-04-06,16,878,18,furo_incompleto
827,111,2019-04-07,13,852,1,bolhas_material
828,30,2019-04-08,7,918,23,falha_eletrica
829,1,2019-04-09,19,930,18,falha_eletrica
830,96,2019-04-10,3,828,17,dimensao_fora
831,96,2019-04-11,16,849,29,empacotamento_inadequado
832,124,2019-04-12,16,912,6,solda_fraca
833,13,2019-04-13,10,959,2,falha_superficie
834,2,2019-04-14,11,966,12,dimensao_fora
835,114,2019-04-15,16,939,17,solda_fraca
836,70,2019-04-16,13,925,25,dimensao_fora
837,116,2019-04-17,16,979,7,empacotamento_inadequado
838,59,2019-04-18,19,849,22,falha_superficie
839,186,2019-04-19,12,880,22,falha_superficie
840,126,2019-04-20,13,828,10,furo_incompleto
841,192,2019-04-21,17,995,14,solda_fraca
842,79,2019-04-22,16,947,15,falha_eletrica
843,32,2019-04-23,7,858,15,falha_superficie
844,160,2019-04-24,2,865,12,cor_incorreta
845,85,2019-04-25,13,865,6,bolhas_material
846,41,2019-04-26,14,857,29,dimensao_fora
847,149,2019-04-27,2,850,8,falha_eletrica
848,24,2019-04-28,19,897,15,bolhas_material
849,37,2019-04-29,16,950,14,bolhas_material
850,90,2019-04-30,6,873,8,empacotamento_inadequado
851,83,2019-05-01,16,988,24,falha_superficie
852,12,2019-05-02,18,888,20,falha_superficie
853,145,2019-05-03,4,987,8,cor_incorreta
854,27,2019-05-04,10,887,10,bolhas_material
855,24,2019-05-05,2,866,11,dimensao_fora
856,70,2019-05-06,11,912,11,solda_fraca
857,43,2019-05-07,3,966,7,empacotamento_inadequado
858,140,2019-05-08,4,904,16,cor_incorreta
859,135,2019-05-09,19,947,21,solda_fraca
860,135,2019-05-10,17,980,6,falha_superficie
861,67,2019-05-11,12,801,4,bolhas_material
862,53,2019-05-12,8,816,24,falha_eletrica
863,70,2019-05-13,11,986,25,empacotamento_inadequado
864,193,2019-05-14,13,827,7,furo_incompleto
865,76,2019-05-15,18,870,23,solda_fraca
866,53,2019-05-16,1,991,6,solda_fraca
867,148,2019-05-17,18,846,9,cor_incorreta
868,155,2019-05-18,16,805,6,empacotamento_inadequado
869,106,2019-05-19,6,868,16,empacotamento_inadequado
870,84,2019-05-20,12,903,17,dimensao_fora
871,65,2019-05-21,15,857,5,falha_superficie
872,53,2019-05-22,11,856,23,dimensao_fora
873,163,2019-05-23,18,941,25,falha_eletrica
874,170,2019-05-24,5,955,14,empacotamento_inadequado
875,75,2019-05-25,7,855,26,falha_eletrica
876,42,2019-05-26,6,997,19,cor_incorreta
877,2,2019-05-27,16,992,15,falha_eletrica
878,16,2019-05-28,3,876,29,empacotamento_inadequado
879,99,2019-05-29,17,827,11,falha_eletrica
880,11,2019-05-30,11,839,12,empacotamento_inadequado
881,181,2019-05-31,19,807,6,falha_eletrica
882,120,2019-06-01,17,975,6,cor_incorreta
883,115,2019-06-02,7,916,20,falha_superficie
884,87,2019-06-03,1,955,9,empacotamento_inadequado
885,150,2019-06-04,17,981,1,bolhas_material
886,95,2019-06-05,15,991,20,cor_incorreta
887,90,2019-06-06,9,917,11,solda_fraca
888,38,2019-06-07,6,970,4,cor_incorreta
889,194,2019-06-08,18,937,20,falha_superficie
890,178,2019-06-09,10,803,0,falha_superficie
891,69,2019-06-10,14,861,24,falha_superficie
892,90,2019-06-11,18,950,29,empacotamento_inadequado
893,34,2019-06-12,15,900,23,bolhas_material
894,112,2019-06-13,18,865,6,empacotamento_inadequado
895,97,2019-06-14,4,842,23,solda_fraca
896,109,2019-06-15,11,928,7,dimensao_fora
897,146,2019-06-16,17,815,21,falha_superficie
898,191,2019-06-17,4,869,0,falha_superficie
899,92,2019-06-18,15,807,28,bolhas_material
900,113,2019-06-19,15,834,25,furo_incompleto
901,111,2019-06-20,1,919,3,falha_superficie
902,172,2019-06-21,6,967,5,cor_incorreta
903,158,2019-06-22,10,847,25,solda_fraca
904,16,2019-06-23,2,918,20,cor_incorreta
905,98,2019-06-24,3,801,6,furo_incompleto
906,24,2019-06-25,11,873,15,falha_eletrica
907,108,2019-06-26,4,957,14,bolhas_material
908,21,2019-06-27,16,954,12,dimensao_fora
909,106,2019-06-28,16,835,29,empacotamento_inadequado
910,6,2019-06-29,16,828,14,falha_superficie
911,62,2019-06-30,11,971,17,falha_superficie
912,72,2019-07-01,16,828,10,bolhas_material
913,19,2019-07-02,4,992,7,solda_fraca
914,57,2019-07-03,7,864,3,cor_incorreta
915,52,2019-07-04,6,926,29,bolhas_material
916,6,2019-07-05,16,916,29,dimensao_fora
917,90,2019-07-06,7,921,19,dimensao_fora
918,8,2019-07-07,3,992,21,furo_incompleto
919,156,2019-07-08,11,843,7,cor_incorreta
920,138,2019-07-09,17,878,7,falha_superficie
921,58,2019-07-10,3,918,21,furo_incompleto
922,45,2019-07-11,8,826,21,falha_superficie
923,96,2019-07-12,3,930,7,furo_incompleto
924,79,2019-07-13,6,988,26,furo_incompleto
925,38,2019-07-14,3,887,29,falha_eletrica
926,193,2019-07-15,17,908,15,bolhas_material
927,91,2019-07-16,1,988,8,dimensao_fora
928,147,2019-07-17,5,874,12,furo_incompleto
929,170,2019-07-18,18,832,22,empacotamento_inadequado
930,33,2019-07-19,6,865,25,solda_fraca
931,189,2019-07-20,1,845,1,falha_superficie
932,60,2019-07-21,9,820,2,falha_superficie
933,112,2019-07-22,13,856,18,bolhas_material
934,182,2019-07-23,8,955,15,falha_superficie
935,124,2019-07-24,8,891,23,falha_superficie
936,46,2019-07-25,6,869,27,dimensao_fora
937,50,2019-07-26,11,935,25,empacotamento_inadequado
938,182,2019-07-27,3,871,9,furo_incompleto
939,34,2019-07-28,1,948,8,bolhas_material
940,11,2019-07-29,6,914,22,furo_incompleto
941,46,2019-07-30,9,901,17,falha_superficie
942,98,2019-07-31,11,897,5,solda_fraca
943,101,2019-08-01,12,956,10,solda_fraca
944,75,2019-08-02,16,861,3,furo_incompleto
945,173,2019-08-03,10,961,24,empacotamento_inadequado
946,133,2019-08-04,9,918,17,falha_superficie
947,66,2019-08-05,1,926,3,solda_fraca
948,61,2019-08-06,13,884,0,falha_superficie
949,130,2019-08-07,13,937,28,furo_incompleto
950,45,2019-08-08,17,894,13,dimensao_fora
951,20,2019-08-09,6,895,26,falha_superficie
952,147,2019-08-10,19,829,15,solda_fraca
953,45,2019-08-11,13,843,5,falha_superficie
954,166,2019-08-12,14,858,11,empacotamento_inadequado
955,78,2019-08-13,2,970,22,dimensao_fora
956,127,2019-08-14,15,872,20,falha_superficie
957,60,2019-08-15,5,889,4,solda_fraca
958,95,2019-08-16,10,838,28,empacotamento_inadequado
959,67,2019-08-17,5,883,1,cor_incorreta
960,168,2019-08-18,4,810,5,falha_eletrica
961,187,2019-08-19,3,878,18,dimensao_fora
962,177,2019-08-20,14,948,20,falha_superficie
963,45,2019-08-21,18,900,21,cor_incorreta
964,199,2019-08-22,2,982,26,falha_eletrica
965,36,2019-08-23,7,983,17,solda_fraca
966,42,2019-08-24,14,972,1,furo_incompleto
967,124,2019-08-25,6,964,24,falha_eletrica
968,39,2019-08-26,3,869,15,falha_superficie
969,88,2019-08-27,5,939,20,bolhas_material
970,5,2019-08-28,14,980,28,bolhas_material
971,164,2019-08-29,9,947,25,empacotamento_inadequado
972,135,2019-08-30,15,886,22,dimensao_fora
973,198,2019-08-31,3,997,26,cor_incorreta
974,78,2019-09-01,13,968,29,empacotamento_inadequado
975,56,2019-09-02,19,859,11,dimensao_fora
976,140,2019-09-03,2,997,2,dimensao_fora
977,43,2019-09-04,2,827,15,bolhas_material
978,82,2019-09-05,17,972,17,bolhas_material
979,29,2019-09-06,12,841,16,solda_fraca
980,156,2019-09-07,2,917,14,falha_superficie
981,40,2019-09-08,17,809,10,empacotamento_inadequado
982,198,2019-09-09,11,960,4,empacotamento_inadequado
983,5,2019-09-10,9,927,0,solda_fraca
984,39,2019-09-11,3,962,9,bolhas_material
985,35,2019-09-12,3,927,1,furo_incompleto
986,184,2019-09-13,2,914,7,empacotamento_inadequado
987,185,2019-09-14,1,935,21,furo_incompleto
988,77,2019-09-15,2,871,16,falha_eletrica
989,64,2019-09-16,18,884,24,solda_fraca
990,99,2019-09-17,12,811,10,bolhas_material
991,48,2019-09-18,7,870,21,empacotamento_inadequado
992,158,2019-09-19,17,895,25,bolhas_material
993,10,2019-09-20,3,906,18,cor_incorreta
994,176,2019-09-21,16,813,29,furo_incompleto
995,42,2019-09-22,4,875,26,dimensao_fora
996,157,2019-09-23,19,941,16,falha_superficie
997,73,2019-09-24,3,947,4,falha_superficie
998,76,2019-09-25,9,863,18,furo_incompleto
999,27,2019-09-26,5,866,23,empacotamento_inadequado
1000,193,2019-09-27,5,954,16,furo_incompleto
1001,19,2019-09-28,18,817,8,dimensao_fora
1002,144,2019-09-29,11,902,7,furo_incompleto
1003,127,2019-09-30,15,995,14,empacotamento_inadequado
1004,156,2019-10-01,4,981,11,falha_eletrica
1005,110,2019-10-02,12,982,26,dimensao_fora
1006,169,2019-10-03,17,906,11,falha_superficie
1007,116,2019-10-04,10,889,22,furo_incompleto
1008,98,2019-10-05,1,992,19,bolhas_material
1009,60,2019-10-06,5,835,8,furo_incompleto
1010,188,2019-10-07,2,830,23,falha_eletrica
1011,114,2019-10-08,6,966,14,dimensao_fora
1012,81,2019-10-09,9,828,10,solda_fraca
1013,191,2019-10-10,9,999,0,empacotamento_inadequado
1014,41,2019-10-11,19,951,19,furo_incompleto
1015,186,2019-10-12,5,836,26,solda_fraca
1016,138,2019-10-13,16,839,4,empacotamento_inadequado
1017,198,2019-10-14,16,832,5,falha_eletrica
1018,160,2019-10-15,19,930,19,falha_superficie
1019,93,2019-10-16,6,958,24,furo_incompleto
1020,144,2019-10-17,18,904,14,empacotamento_inadequado
1021,127,2019-10-18,19,983,20,falha_eletrica
1022,54,2019-10-19,17,886,16,empacotamento_inadequado
1023,126,2019-10-20,1,830,16,bolhas_material
1024,40,2019-10-21,13,873,4,falha_superficie
1025,91,2019-10-22,1,990,22,falha_superficie
1026,63,2019-10-23,16,845,2,solda_fraca
1027,12,2019-10-24,15,837,2,falha_eletrica
1028,64,2019-10-25,19,803,2,cor_incorreta
1029,163,2019-10-26,10,913,15,solda_fraca
1030,87,2019-10-27,15,950,16,bolhas_material
1031,52,2019-10-28,5,836,21,falha_superficie
1032,171,2019-10-29,10,898,23,furo_incompleto
1033,20,2019-10-30,3,811,18,solda_fraca
1034,134,2019-10-31,12,810,21,falha_superficie
1035,91,2019-11-01,5,818,27,empacotamento_inadequado
1036,168,2019-11-02,7,825,1,falha_eletrica
1037,58,2019-11-03,7,886,17,bolhas_material
1038,151,2019-11-04,12,836,25,empacotamento_inadequado
1039,84,2019-11-05,9,913,20,empacotamento_inadequado
1040,49,2019-11-06,14,967,3,falha_eletrica
1041,13,2019-11-07,10,876,1,falha_eletrica
1042,13,2019-11-08,11,821,29,cor_incorreta
1043,128,2019-11-09,9,921,14,bolhas_material
1044,11,2019-11-10,18,807,26,dimensao_fora
1045,47,2019-11-11,1,847,24,empacotamento_inadequado
1046,100,2019-11-12,15,979,4,furo_incompleto
1047,184,2019-11-13,16,991,22,cor_incorreta
1048,2,2019-11-14,15,889,21,falha_superficie
1049,35,2019-11-15,19,914,25,falha_eletrica
1050,197,2019-11-16,4,861,29,falha_superficie
1051,142,2019-11-17,3,982,0,dimensao_fora
1052,31,2019-11-18,9,822,29,falha_eletrica
1053,87,2019-11-19,1,963,11,falha_eletrica
1054,159,2019-11-20,4,962,7,empacotamento_inadequado
1055,152,2019-11-21,18,917,10,solda_fraca
1056,68,2019-11-22,17,976,22,falha_superficie
1057,71,2019-11-23,16,906,24,falha_superficie
1058,149,2019-11-24,18,877,18,falha_eletrica
1059,102,2019-11-25,7,903,28,furo_incompleto
1060,171,2019-11-26,11,816,27,solda_fraca
1061,32,2019-11-27,19,846,14,empacotamento_inadequado
1062,31,2019-11-28,9,899,22,cor_incorreta
1063,37,2019-11-29,7,806,13,solda_fraca
1064,59,2019-11-30,16,985,20,furo_incompleto
1065,39,2019-12-01,17,855,21,empacotamento_inadequado
1066,125,2019-12-02,12,837,7,empacotamento_inadequado
1067,79,2019-12-03,14,992,29,dimensao_fora
1068,156,2019-12-04,19,917,26,empacotamento_inadequado
1069,173,2019-12-05,14,997,14,furo_incompleto
1070,130,2019-12-06,3,942,20,furo_incompleto
1071,155,2019-12-07,12,934,2,dimensao_fora
1072,142,2019-12-08,10,817,24,bolhas_material
1073,88,2019-12-09,18,839,7,falha_superficie
1074,121,2019-12-10,12,976,11,falha_superficie
1075,49,2019-12-11,17,955,14,cor_incorreta
1076,148,2019-12-12,12,877,11,falha_eletrica
1077,140,2019-12-13,8,971,20,falha_superficie
1078,144,2019-12-14,19,843,23,furo_incompleto
1079,28,2019-12-15,9,840,20,empacotamento_inadequado
1080,71,2019-12-16,6,910,18,bolhas_material
1081,108,2019-12-17,16,896,16,dimensao_fora
1082,137,2019-12-18,2,931,25,falha_superficie
1083,141,2019-12-19,12,923,8,falha_eletrica
1084,10,2019-12-20,3,836,11,dimensao_fora
1085,183,2019-12-21,1,999,10,falha_eletrica
1086,104,2019-12-22,5,911,16,cor_incorreta
1087,28,2019-12-23,15,874,13,cor_incorreta
1088,43,2019-12-24,9,879,9,falha_superficie
1089,176,2019-12-25,14,911,18,dimensao_fora
1090,128,2019-12-26,13,833,16,dimensao_fora
1091,108,2019-12-27,13,924,18,falha_eletrica
1092,21,2019-12-28,7,945,15,cor_incorreta
1093,89,2019-12-29,11,813,4,dimensao_fora
1094,180,2019-12-30,9,860,7,bolhas_material
1095,15,2019-12-31,11,919,20,bolhas_material
1096,79,2020-01-01,8,805,9,falha_eletrica
1097,58,2020-01-02,16,917,1,falha_superficie
1098,18,2020-01-03,6,874,20,cor_incorreta
1099,20,2020-01-04,10,938,25,bolhas_material
1100,122,2020-01-05,17,834,5,bolhas_material
1101,196,2020-01-06,11,823,10,furo_incompleto
1102,98,2020-01-07,10,942,25,furo_incompleto
1103,172,2020-01-08,18,879,25,falha_eletrica
1104,168,2020-01-09,15,988,21,empacotamento_inadequado
1105,193,2020-01-10,12,854,22,dimensao_fora
1106,49,2020-01-11,4,869,4,cor_incorreta
1107,69,2020-01-12,7,981,14,falha_superficie
1108,164,2020-01-13,7,949,22,falha_eletrica
1109,14,2020-01-14,10,941,0,falha_eletrica
1110,64,2020-01-15,15,851,18,bolhas_material
1111,134,2020-01-16,14,928,19,falha_superficie
1112,40,2020-01-17,12,999,14,cor_incorreta
1113,73,2020-01-18,5,814,26,empacotamento_inadequado
1114,20,2020-01-19,2,915,10,falha_eletrica
1115,121,2020-01-20,2,964,6,bolhas_material
1116,8,2020-01-21,12,936,3,falha_superficie
1117,43,2020-01-22,4,892,29,empacotamento_inadequado
1118,120,2020-01-23,3,856,0,cor_incorreta
1119,162,2020-01-24,16,877,13,bolhas_material
1120,112,2020-01-25,18,965,27,solda_fraca
1121,62,2020-01-26,16,806,7,dimensao_fora
1122,55,2020-01-27,8,994,2,solda_fraca
1123,192,2020-01-28,6,948,12,cor_incorreta
1124,22,2020-01-29,13,996,6,cor_incorreta
1125,159,2020-01-30,3,972,21,falha_eletrica
1126,9,2020-01-31,18,832,18,furo_incompleto
1127,108,2020-02-01,18,852,2,solda_fraca
1128,79,2020-02-02,14,903,13,falha_superficie
1129,68,2020-02-03,5,913,13,falha_eletrica
1130,190,2020-02-04,16,804,16,solda_fraca
1131,92,2020-02-05,13,869,25,empacotamento_inadequado
1132,132,2020-02-06,13,846,23,solda_fraca
1133,44,2020-02-07,10,801,19,empacotamento_inadequado
1134,43,2020-02-08,12,802,16,dimensao_fora
1135,101,2020-02-09,13,856,8,falha_eletrica
1136,97,2020-02-10,5,964,24,furo_incompleto
1137,63,2020-02-11,8,904,27,dimensao_fora
1138,190,2020-02-12,5,979,1,empacotamento_inadequado
1139,127,2020-02-13,2,887,10,bolhas_material
1140,29,2020-02-14,5,806,8,furo_incompleto
1141,194,2020-02-15,8,859,20,falha_superficie
1142,121,2020-02-16,18,868,26,furo_incompleto
1143,145,2020-02-17,8,841,18,empacotamento_inadequado
1144,99,2020-02-18,4,810,0,falha_eletrica
1145,8,2020-02-19,17,813,22,falha_eletrica
1146,128,2020-02-20,7,877,8,empacotamento_inadequado
1147,69,2020-02-21,19,969,23,cor_incorreta
1148,153,2020-02-22,3,961,10,falha_superficie
1149,102,2020-02-23,15,890,20,furo_incompleto
1150,110,2020-02-24,6,986,4,empacotamento_inadequado
1151,73,2020-02-25,19,984,2,bolhas_material
1152,53,2020-02-26,2,821,11,empacotamento_inadequado
1153,45,2020-02-27,3,965,21,empacotamento_inadequado
1154,33,2020-02-28,6,973,20,falha_superficie
1155,159,2020-02-29,6,895,23,furo_incompleto
1156,145,2020-03-01,14,925,3,bolhas_material
1157,159,2020-03-02,12,801,5,falha_eletrica
1158,30,2020-03-03,9,941,23,falha_superficie
1159,16,2020-03-04,9,848,11,falha_eletrica
1160,32,2020-03-05,14,803,11,cor_incorreta
1161,161,2020-03-06,18,976,10,cor_incorreta
1162,21,2020-03-07,15,935,22,bolhas_material
1163,176,2020-03-08,1,852,5,dimensao_fora
1164,21,2020-03-09,13,949,3,bolhas_material
1165,162,2020-03-10,15,950,28,falha_eletrica
1166,21,2020-03-11,13,922,22,bolhas_material
1167,197,2020-03-12,3,887,29,bolhas_material
1168,167,2020-03-13,10,821,28,falha_superficie
1169,69,2020-03-14,8,833,22,bolhas_material
1170,59,2020-03-15,7,892,29,empacotamento_inadequado
1171,168,2020-03-16,3,805,19,cor_incorreta
1172,106,2020-03-17,3,944,6,cor_incorreta
1173,151,2020-03-18,13,905,27,solda_fraca
1174,131,2020-03-19,12,802,17,falha_eletrica
1175,116,2020-03-20,1,912,12,empacotamento_inadequado
1176,183,2020-03-21,11,968,24,cor_incorreta
1177,168,2020-03-22,11,910,22,falha_eletrica
1178,38,2020-03-23,6,960,8,solda_fraca
1179,158,2020-03-24,7,809,18,falha_eletrica
1180,124,2020-03-25,10,894,12,solda_fraca
1181,171,2020-03-26,14,985,1,falha_superficie
1182,40,2020-03-27,4,966,27,solda_fraca
1183,197,2020-03-28,14,923,8,bolhas_material
1184,116,2020-03-29,3,944,18,solda_fraca
1185,147,2020-03-30,14,946,11,falha_eletrica
1186,72,2020-03-31,2,887,13,falha_superficie
1187,20,2020-04-01,12,829,15,furo_incompleto
1188,86,2020-04-02,18,800,27,falha_eletrica
1189,83,2020-04-03,3,927,19,empacotamento_inadequado
1190,107,2020-04-04,17,881,29,falha_eletrica
1191,82,2020-04-05,12,800,8,empacotamento_inadequado
1192,158,2020-04-06,2,942,12,dimensao_fora
1193,25,2020-04-07,17,944,25,furo_incompleto
1194,138,2020-04-08,5,986,18,bolhas_material
1195,175,2020-04-09,12,806,9,falha_superficie
1196,68,2020-04-10,11,884,14,falha_eletrica
1197,188,2020-04-11,12,975,26,falha_superficie
1198,92,2020-04-12,7,998,13,empacotamento_inadequado
1199,159,2020-04-13,10,810,11,solda_fraca
1200,141,2020-04-14,17,832,25,bolhas_material
1201,69,2020-04-15,2,994,7,falha_superficie
1202,89,2020-04-16,11,952,3,empacotamento_inadequado
1203,173,2020-04-17,8,873,6,empacotamento_inadequado
1204,147,2020-04-18,18,890,18,empacotamento_inadequado
1205,186,2020-04-19,5,929,8,falha_eletrica
1206,62,2020-04-20,16,865,12,falha_superficie
1207,88,2020-04-21,13,881,28,solda_fraca
1208,189,2020-04-22,19,919,21,cor_incorreta
1209,39,2020-04-23,1,821,11,falha_superficie
1210,24,2020-04-24,14,815,3,solda_fraca
1211,112,2020-04-25,9,963,27,bolhas_material
1212,89,2020-04-26,5,841,12,dimensao_fora
1213,38,2020-04-27,6,814,22,empacotamento_inadequado
1214,101,2020-04-28,14,990,1,falha_superficie
1215,81,2020-04-29,13,962,19,cor_incorreta
1216,137,2020-04-30,19,945,27,furo_incompleto
1217,104,2020-05-01,14,989,10,empacotamento_inadequado
1218,47,2020-05-02,1,880,15,falha_eletrica
1219,185,2020-05-03,17,987,27,furo_incompleto
1220,45,2020-05-04,19,822,20,solda_fraca
1221,113,2020-05-05,18,947,1,falha_superficie
1222,129,2020-05-06,7,811,12,empacotamento_inadequado
1223,13,2020-05-07,2,884,28,dimensao_fora
1224,74,2020-05-08,3,902,0,solda_fraca
1225,86,2020-05-09,8,949,13,falha_superficie
1226,158,2020-05-10,11,984,10,falha_superficie
1227,3,2020-05-11,1,974,12,bolhas_material
1228,33,2020-05-12,19,940,10,falha_eletrica
1229,191,2020-05-13,10,841,26,furo_incompleto
1230,197,2020-05-14,15,851,18,dimensao_fora
1231,16,2020-05-15,5,910,28,dimensao_fora
1232,59,2020-05-16,3,875,18,empacotamento_inadequado
1233,78,2020-05-17,2,981,0,falha_eletrica
1234,52,2020-05-18,3,952,4,bolhas_material
1235,40,2020-05-19,13,808,20,bolhas_material
1236,182,2020-05-20,2,982,12,falha_eletrica
1237,45,2020-05-21,12,900,24,falha_superficie
1238,13,2020-05-22,4,988,23,cor_incorreta
1239,148,2020-05-23,3,869,22,furo_incompleto
1240,131,2020-05-24,11,997,9,falha_eletrica
1241,128,2020-05-25,11,801,20,empacotamento_inadequado
1242,166,2020-05-26,14,908,3,bolhas_material
1243,64,2020-05-27,5,955,25,empacotamento_inadequado
1244,56,2020-05-28,2,973,7,solda_fraca
1245,196,2020-05-29,12,861,6,cor_incorreta
1246,193,2020-05-30,16,925,13,falha_eletrica
1247,180,2020-05-31,9,810,20,cor_incorreta
1248,156,2020-06-01,5,914,5,solda_fraca
1249,16,2020-06-02,9,878,24,dimensao_fora
1250,195,2020-06-03,13,869,6,cor_incorreta
1251,126,2020-06-04,2,998,10,falha_superficie
1252,143,2020-06-05,13,846,4,empacotamento_inadequado
1253,114,2020-06-06,14,909,23,falha_eletrica
1254,80,2020-06-07,7,901,11,dimensao_fora
1255,168,2020-06-08,3,912,8,falha_superficie
1256,157,2020-06-09,5,938,0,falha_superficie
1257,176,2020-06-10,2,903,27,cor_incorreta
1258,37,2020-06-11,5,826,23,falha_eletrica
1259,86,2020-06-12,18,821,24,bolhas_material
1260,71,2020-06-13,6,810,3,cor_incorreta
1261,124,2020-06-14,2,811,13,furo_incompleto
1262,193,2020-06-15,17,945,1,solda_fraca
1263,122,2020-06-16,1,947,0,solda_fraca
1264,86,2020-06-17,11,987,23,falha_eletrica
1265,15,2020-06-18,14,957,19,solda_fraca
1266,181,2020-06-19,12,829,11,dimensao_fora
1267,76,2020-06-20,9,839,18,dimensao_fora
1268,144,2020-06-21,9,999,7,solda_fraca
1269,163,2020-06-22,2,940,24,falha_eletrica
1270,90,2020-06-23,14,974,19,cor_incorreta
1271,120,2020-06-24,13,865,20,cor_incorreta
1272,19,2020-06-25,14,902,1,falha_superficie
1273,175,2020-06-26,6,896,28,empacotamento_inadequado
1274,180,2020-06-27,6,936,21,falha_superficie
1275,122,2020-06-28,6,967,4,solda_fraca
1276,27,2020-06-29,5,995,1,furo_incompleto
1277,83,2020-06-30,6,828,18,falha_eletrica
1278,112,2020-07-01,8,942,15,bolhas_material
1279,33,2020-07-02,3,884,6,cor_incorreta
1280,2,2020-07-03,5,906,11,solda_fraca
1281,99,2020-07-04,12,858,20,dimensao_fora
1282,17,2020-07-05,1,976,5,dimensao_fora
1283,48,2020-07-06,4,876,24,furo_incompleto
1284,45,2020-07-07,7,993,2,bolhas_material
1285,17,2020-07-08,1,867,3,furo_incompleto
1286,176,2020-07-09,4,820,23,cor_incorreta
1287,22,2020-07-10,14,802,13,empacotamento_inadequado
1288,79,2020-07-11,9,900,9,dimensao_fora
1289,198,2020-07-12,8,867,20,furo_incompleto
1290,152,2020-07-13,2,849,5,empacotamento_inadequado
1291,99,2020-07-14,4,846,22,empacotamento_inadequado
1292,127,2020-07-15,3,913,24,solda_fraca
1293,192,2020-07-16,2,845,29,solda_fraca
1294,160,2020-07-17,6,816,0,cor_incorreta
1295,179,2020-07-18,6,833,11,furo_incompleto
1296,123,2020-07-19,14,914,24,furo_incompleto
1297,44,2020-07-20,11,836,12,dimensao_fora
1298,111,2020-07-21,16,814,12,empacotamento_inadequado
1299,165,2020-07-22,8,859,10,bolhas_material
1300,36,2020-07-23,14,967,9,cor_incorreta
1301,125,2020-07-24,11,870,28,furo_incompleto
1302,198,2020-07-25,7,902,12,furo_incompleto
1303,73,2020-07-26,7,844,7,solda_fraca
1304,115,2020-07-27,18,915,4,bolhas_material
1305,158,2020-07-28,8,844,23,empacotamento_inadequado
1306,102,2020-07-29,7,862,1,falha_eletrica
1307,86,2020-07-30,19,868,3,dimensao_fora
1308,181,2020-07-31,9,917,24,cor_incorreta
1309,167,2020-08-01,6,934,18,bolhas_material
1310,115,2020-08-02,18,841,24,falha_superficie
1311,98,2020-08-03,12,946,27,bolhas_material
1312,125,2020-08-04,19,877,9,falha_eletrica
1313,132,2020-08-05,14,956,20,empacotamento_inadequado
1314,9,2020-08-06,2,983,20,furo_incompleto
1315,16,2020-08-07,3,979,13,dimensao_fora
1316,114,2020-08-08,2,990,28,furo_incompleto
1317,79,2020-08-09,7,808,1,cor_incorreta
1318,185,2020-08-10,4,963,24,falha_eletrica
1319,81,2020-08-11,7,828,9,empacotamento_inadequado
1320,24,2020-08-12,8,901,25,empacotamento_inadequado
1321,149,2020-08-13,9,836,6,furo_incompleto
1322,15,2020-08-14,18,942,11,dimensao_fora
1323,173,2020-08-15,16,826,27,falha_superficie
1324,57,2020-08-16,13,933,17,empacotamento_inadequado
1325,14,2020-08-17,12,951,28,cor_incorreta
1326,149,2020-08-18,9,834,5,furo_incompleto
1327,107,2020-08-19,12,913,27,dimensao_fora
1328,86,2020-08-20,17,951,17,cor_incorreta
1329,154,2020-08-21,2,901,12,falha_eletrica
1330,94,2020-08-22,2,891,21,bolhas_material
1331,19,2020-08-23,4,995,13,solda_fraca
1332,31,2020-08-24,13,955,10,solda_fraca
1333,154,2020-08-25,4,867,26,falha_superficie
1334,190,2020-08-26,3,859,25,dimensao_fora
1335,197,2020-08-27,7,954,23,falha_eletrica
1336,167,2020-08-28,4,804,2,cor_incorreta
1337,60,2020-08-29,7,807,14,dimensao_fora
1338,146,2020-08-30,8,941,20,falha_eletrica
1339,185,2020-08-31,1,911,24,solda_fraca
1340,22,2020-09-01,2,889,13,furo_incompleto
1341,91,2020-09-02,8,961,10,cor_incorreta
1342,40,2020-09-03,7,959,24,empacotamento_inadequado
1343,114,2020-09-04,4,840,29,falha_superficie
1344,80,2020-09-05,19,944,24,bolhas_material
1345,123,2020-09-06,10,909,25,bolhas_material
1346,188,2020-09-07,3,924,12,falha_superficie
1347,92,2020-09-08,16,965,29,dimensao_fora
1348,40,2020-09-09,5,839,26,dimensao_fora
1349,179,2020-09-10,4,805,6,falha_superficie
1350,143,2020-09-11,19,898,5,falha_eletrica
1351,73,2020-09-12,11,927,5,falha_superficie
1352,146,2020-09-13,15,832,10,solda_fraca
1353,55,2020-09-14,19,917,27,empacotamento_inadequado
1354,162,2020-09-15,4,953,11,empacotamento_inadequado
1355,149,2020-09-16,16,977,8,solda_fraca
1356,164,2020-09-17,17,989,2,falha_eletrica
1357,67,2020-09-18,14,877,2,falha_superficie
1358,56,2020-09-19,16,831,22,bolhas_material
1359,125,2020-09-20,18,818,22,dimensao_fora
1360,56,2020-09-21,13,891,19,solda_fraca
1361,179,2020-09-22,5,814,20,cor_incorreta
1362,115,2020-09-23,8,894,22,solda_fraca
1363,59,2020-09-24,18,888,25,empacotamento_inadequado
1364,19,2020-09-25,5,821,9,bolhas_material
1365,15,2020-09-26,9,826,19,bolhas_material
1366,64,2020-09-27,1,985,1,solda_fraca
1367,5,2020-09-28,5,928,27,falha_superficie
1368,99,2020-09-29,8,985,21,furo_incompleto
1369,39,2020-09-30,3,923,3,falha_superficie
1370,162,2020-10-01,2,846,26,furo_incompleto
1371,107,2020-10-02,12,966,29,furo_incompleto
1372,60,2020-10-03,11,949,5,solda_fraca
1373,2,2020-10-04,15,904,13,bolhas_material
1374,70,2020-10-05,5,984,7,falha_superficie
1375,36,2020-10-06,15,894,0,bolhas_material
1376,29,2020-10-07,5,805,11,empacotamento_inadequado
1377,74,2020-10-08,3,882,9,solda_fraca
1378,94,2020-10-09,1,807,24,falha_superficie
1379,117,2020-10-10,1,962,19,empacotamento_inadequado
1380,167,2020-10-11,17,869,5,cor_incorreta
1381,4,2020-10-12,1,876,18,dimensao_fora
1382,63,2020-10-13,2,856,12,falha_superficie
1383,104,2020-10-14,18,902,23,falha_superficie
1384,182,2020-10-15,7,803,5,falha_superficie
1385,133,2020-10-16,7,883,18,bolhas_material
1386,121,2020-10-17,11,864,5,cor_incorreta
1387,77,2020-10-18,19,908,6,furo_incompleto
1388,106,2020-10-19,2,827,16,furo_incompleto
1389,67,2020-10-20,15,970,28,solda_fraca
1390,40,2020-10-21,13,854,25,bolhas_material
1391,53,2020-10-22,2,883,14,dimensao_fora
1392,141,2020-10-23,14,977,27,solda_fraca
1393,39,2020-10-24,10,804,19,falha_eletrica
1394,32,2020-10-25,13,990,13,falha_superficie
1395,86,2020-10-26,5,843,17,cor_incorreta
1396,101,2020-10-27,4,837,29,dimensao_fora
1397,97,2020-10-28,19,825,28,falha_superficie
1398,27,2020-10-29,4,931,3,cor_incorreta
1399,96,2020-10-30,7,934,20,cor_incorreta
1400,1,2020-10-31,14,863,21,dimensao_fora
1401,197,2020-11-01,1,867,5,falha_eletrica
1402,194,2020-11-02,18,813,19,bolhas_material
1403,132,2020-11-03,7,840,15,falha_superficie
1404,144,2020-11-04,1,860,20,dimensao_fora
1405,180,2020-11-05,13,903,27,falha_eletrica
1406,100,2020-11-06,7,832,26,falha_superficie
1407,53,2020-11-07,10,989,17,solda_fraca
1408,135,2020-11-08,13,964,15,furo_incompleto
1409,178,2020-11-09,16,971,16,cor_incorreta
1410,175,2020-11-10,17,887,19,falha_eletrica
1411,38,2020-11-11,4,996,27,dimensao_fora
1412,7,2020-11-12,4,994,8,empacotamento_inadequado
1413,181,2020-11-13,10,914,26,falha_eletrica
1414,82,2020-11-14,17,982,10,falha_superficie
1415,95,2020-11-15,2,943,1,falha_eletrica
1416,17,2020-11-16,17,841,25,empacotamento_inadequado
1417,33,2020-11-17,13,900,21,cor_incorreta
1418,180,2020-11-18,19,903,4,falha_eletrica
1419,32,2020-11-19,14,867,26,empacotamento_inadequado
1420,87,2020-11-20,1,848,27,bolhas_material
1421,82,2020-11-21,17,838,5,empacotamento_inadequado
1422,93,2020-11-22,18,856,20,furo_incompleto
1423,168,2020-11-23,14,842,13,cor_incorreta
1424,122,2020-11-24,5,832,22,bolhas_material
1425,158,2020-11-25,10,906,26,falha_superficie
1426,18,2020-11-26,14,801,27,bolhas_material
1427,93,2020-11-27,8,965,21,cor_incorreta
1428,62,2020-11-28,17,929,3,dimensao_fora
1429,126,2020-11-29,12,976,13,empacotamento_inadequado
1430,69,2020-11-30,15,889,1,dimensao_fora
1431,16,2020-12-01,10,895,22,dimensao_fora
1432,140,2020-12-02,5,956,15,falha_superficie
1433,182,2020-12-03,13,911,12,cor_incorreta
1434,147,2020-12-04,1,931,0,furo_incompleto
1435,155,2020-12-05,7,857,12,bolhas_material
1436,28,2020-12-06,19,883,24,bolhas_material
1437,91,2020-12-07,5,909,15,falha_superficie
1438,167,2020-12-08,5,991,26,empacotamento_inadequado
1439,62,2020-12-09,4,860,8,dimensao_fora
1440,74,2020-12-10,7,925,14,cor_incorreta
1441,154,2020-12-11,4,843,28,furo_incompleto
1442,148,2020-12-12,1,883,20,bolhas_material
1443,18,2020-12-13,5,852,8,empacotamento_inadequado
1444,155,2020-12-14,2,862,0,cor_incorreta
1445,190,2020-12-15,5,899,14,empacotamento_inadequado
1446,81,2020-12-16,14,915,4,empacotamento_inadequado
1447,149,2020-12-17,15,987,13,solda_fraca
1448,60,2020-12-18,1,988,23,falha_eletrica
1449,1,2020-12-19,4,857,19,dimensao_fora
1450,50,2020-12-20,17,844,22,furo_incompleto
1451,142,2020-12-21,11,867,25,cor_incorreta
1452,162,2020-12-22,9,820,14,solda_fraca
1453,150,2020-12-23,3,985,6,dimensao_fora
1454,16,2020-12-24,1,955,24,solda_fraca
1455,52,2020-12-25,3,995,20,furo_incompleto
1456,88,2020-12-26,4,878,29,furo_incompleto
1457,104,2020-12-27,16,918,20,falha_superficie
1458,154,2020-12-28,9,902,4,furo_incompleto
1459,78,2020-12-29,10,819,29,bolhas_material
1460,172,2020-12-30,16,929,17,furo_incompleto
1461,55,2020-12-31,1,967,19,cor_incorreta
1462,150,2021-01-01,2,842,17,dimensao_fora
